Workbook

Sheet 요약
A1: 17개 시·도 질문 세트 초안 — 요약
A2: 모두의 질문노트 · AI가 아는 대한민국 · 2026-10-02 · 초안 (정답은 측정 때 원본 대조로 확정)
A4: 구성 | B4: 값 | D4: 측정 규모 가정 | E4: 값
A5: 항목 | B5: 수 | D5: AI 서비스 수 | E5: 3
A6: 공통 질문 수 | B6: =COUNTA('공통 30'!C4:C33) -> 30 | D6: 예비판 언어 수 (한국어·영어) | E6: 2
A7: 특화 질문 수 (전체) | B7: =COUNTA('유형별 특화 20'!C4:C123) -> 120 | D7: 수능 주간 최대 언어 수 | E7: 4
A8: 공통 중 공공 원본 자동 확인 가능 | B8: =COUNTIF('공통 30'!E4:E33,"예") -> 16 | D8: 같은 질문 반복 횟수 | E8: 3
A9: 공통 중 유효 구간 민감도 상 | B9: =COUNTIF('공통 30'!F4:F33,"상") -> 12
A10: 11/1 예비판 문항 | B10: =COUNTIF('공통 30'!H4:H33,"포함") -> 15 | D10: 11/1 예비판 측정 횟수 | E10: =B10*B11*E5*E6*E8 -> 4590
A11: 시·도 수 | B11: =COUNTA('17개 시·도'!A4:A20) -> 17 | D11: 수능 주간 전국판 측정 횟수 (상한) | E11: =SUM('17개 시·도'!G4:G20)*E5*E7*E8 -> 42840
D12: 수능 주간 상한은 모든 시·도를 최대 언어 수로 잰다고 가정한 값. 실제로는 시·도별 측정 언어만 잼
A14: 유형별 문항 수와 배정된 시·도 수
A15: 유형 | B15: 특화 문항 | C15: 배정된 시·도 (주+보조)
A16: 수도권 대도시 생활 | B16: =COUNTIF('유형별 특화 20'!$B$4:$B$123,A16) -> 20 | C16: =COUNTIF('17개 시·도'!$C$4:$C$20,A16)+COUNTIF('17개 시·도'!$D$4:$D$20,A16) -> 6
A17: 해양·섬 | B17: =COUNTIF('유형별 특화 20'!$B$4:$B$123,A17) -> 20 | C17: =COUNTIF('17개 시·도'!$C$4:$C$20,A17)+COUNTIF('17개 시·도'!$D$4:$D$20,A17) -> 8
A18: 산업·항만 | B18: =COUNTIF('유형별 특화 20'!$B$4:$B$123,A18) -> 20 | C18: =COUNTIF('17개 시·도'!$C$4:$C$20,A18)+COUNTIF('17개 시·도'!$D$4:$D$20,A18) -> 4
A19: 행정·과학 | B19: =COUNTIF('유형별 특화 20'!$B$4:$B$123,A19) -> 20 | C19: =COUNTIF('17개 시·도'!$C$4:$C$20,A19)+COUNTIF('17개 시·도'!$D$4:$D$20,A19) -> 3
A20: 산악·농촌·접경 | B20: =COUNTIF('유형별 특화 20'!$B$4:$B$123,A20) -> 20 | C20: =COUNTIF('17개 시·도'!$C$4:$C$20,A20)+COUNTIF('17개 시·도'!$D$4:$D$20,A20) -> 7
A21: 역사·문화 관광 | B21: =COUNTIF('유형별 특화 20'!$B$4:$B$123,A21) -> 20 | C21: =COUNTIF('17개 시·도'!$C$4:$C$20,A21)+COUNTIF('17개 시·도'!$D$4:$D$20,A21) -> 6
A23: 읽는 법
A24: 초록 글씨 = 다른 시트에서 계산된 값 · 파란 글씨 = 바꿀 수 있는 가정 · 노란 칸 = 담당자가 갱신하는 확인 상태 (공통 30 시트)
A25: 질문에는 정답을 적지 않았다. 정답은 측정 때 확인 원본과 대조해 확정한다. 변경 이력 후보도 측정 전 공식 원본과 대조가 필요하다.

Sheet Sheet

Sheet 공통 30
A1: 전국 공통 질문 30 (초안)
A2: 17개 시·도 모두에 같은 틀로 묻는 질문. 정답은 적지 않고 확인 원본만 적음. 노란 칸(확인 상태)은 담당자가 갱신
A3: ID | B3: 묶음 | C3: 질문 템플릿 | D3: 확인 원본 | E3: 자동 확인 | F3: 유효 구간 민감도 | G3: 위험 | H3: 11/1 예비판 | I3: 확인 상태
A4: C01 | B4: 명칭·행정 | C4: {시도}의 공식 명칭은? | D4: 시·도 공식 누리집, 법령 | E4: 예 | F4: 상 | G4: 낮음 | H4: 포함 | I4: 미확인
A5: C02 | B5: 명칭·행정 | C5: {시도}의 공식 영문 표기는? | D5: 시·도 공식 누리집 | E5: 예 | F5: 상 | G5: 낮음 | H5: 포함 | I5: 미확인
A6: C03 | B6: 명칭·행정 | C6: {시도} 시청·도청은 어디에 있나요? | D6: 시·도 공식 누리집 | E6: 예 | F6: 상 | G6: 낮음 | H6: 포함 | I6: 미확인
A7: C04 | B7: 명칭·행정 | C7: {시도}에는 시·군·구가 몇 개 있나요? | D7: 행정구역 현황 (행정안전부) | E7: 예 | F7: 상 | G7: 낮음 | H7: 포함 | I7: 미확인
A8: C05 | B8: 명칭·행정 | C8: {시도}에 속한 시·군·구를 모두 알려 주세요 | D8: 행정구역 현황 (행정안전부) | E8: 예 | F8: 상 | G8: 낮음 | H8: 포함 | I8: 미확인
A9: C06 | B9: 명칭·행정 | C9: {시도}의 공식 도시 브랜드(슬로건)는? | D9: 시·도 공식 누리집 | E9: 부분 | F9: 중 | G9: 낮음 | H9: - | I9: 미확인
A10: C07 | B10: 교통·접근 | C10: {시도}에서 가장 가까운 국제공항은? | D10: 공항 운영 기관 | E10: 예 | F10: 하 | G10: 낮음 | H10: 포함 | I10: 미확인
A11: C08 | B11: 교통·접근 | C11: {시도}의 KTX·SRT 정차역은? | D11: 철도 운영사 | E11: 예 | F11: 중 | G11: 낮음 | H11: 포함 | I11: 미확인
A12: C09 | B12: 교통·접근 | C12: 서울에서 {시도}청 소재지까지 대중교통으로 가는 대표 방법은? | D12: 철도·고속버스 운영사 | E12: 부분 | F12: 중 | G12: 낮음 | H12: - | I12: 미확인
A13: C10 | B13: 교통·접근 | C13: {시도} 관광 안내 전화(외국어 포함)는? | D13: 한국관광공사, 시·도 관광 누리집 | E13: 예 | F13: 중 | G13: 낮음 | H13: 포함 | I13: 미확인
A14: C11 | B14: 교통·접근 | C14: {시도}의 외국인 관광 안내센터는 어디에 있나요? | D14: 시·도 관광 누리집 | E14: 부분 | F14: 중 | G14: 낮음 | H14: - | I14: 미확인
... A33: C30 | B33: 외국인 | C33: {시도}의 공식 관광 SNS·앱은? | D33: 시·도 관광 누리집 | E33: 부분 | F33: 중 | G33: 낮음 | H33: - | I33: 미확인

Sheet 유형별 특화 20
A1: 유형별 특화 질문 20 × 6 (초안)
A2: 시·도마다 주 유형 1개와 보조 유형 1개를 배정해 공통 30에 더함. 같은 유형끼리 비교
A3: ID | B3: 유형 | C3: 질문 템플릿 | D3: 유효 구간 민감도 | E3: 위험
A4: A1-01 | B4: 수도권 대도시 생활 | C4: {시도} 지하철 첫차·막차 시간은? | D4: 중 | E4: 낮음
A5: A1-02 | B5: 수도권 대도시 생활 | C5: {시도} 심야버스 노선 안내는 어디서 보나요? | D5: 중 | E5: 낮음
A6: A1-03 | B6: 수도권 대도시 생활 | C6: {시도} 공공자전거 이용 요금은? | D6: 중 | E6: 낮음
A7: A1-04 | B7: 수도권 대도시 생활 | C7: {시도} 공영주차장 요금 기준 원본은? | D7: 중 | E7: 낮음
A8: A1-05 | B8: 수도권 대도시 생활 | C8: {시도} 대표 공공 도서관 운영 시간은? | D8: 중 | E8: 낮음
A9: A1-06 | B9: 수도권 대도시 생활 | C9: {시도} 외국인 주민 지원센터는 어디에 있나요? | D9: 중 | E9: 낮음
A10: A1-07 | B10: 수도권 대도시 생활 | C10: {시도} 공항철도·공항버스 운행 시간은? | D10: 중 | E10: 낮음
A11: A1-08 | B11: 수도권 대도시 생활 | C11: {시도} 대표 수변 공원의 시즌 시설(수영장·캠핑장) 운영 기간은? | D11: 상 | E11: 낮음
A12: A1-09 | B12: 수도권 대도시 생활 | C12: {시도} 대표 야경 명소의 조명 운영 시간은? | D12: 중 | E12: 낮음
A13: A1-10 | B13: 수도권 대도시 생활 | C13: {시도} 대표 전통시장의 휴무일은? | D13: 중 | E13: 낮음
A14: A1-11 | B14: 수도권 대도시 생활 | C14: {시도} 시·도 공공 와이파이 이름은? | D14: 중 | E14: 낮음
... A123: A6-20 | B123: 역사·문화 관광 | C123: {시도} 공식 인증 기념품은? | D123: 중 | E123: 낮음

Sheet 17개 시·도
A1: 17개 시·도 배정 (초안)
A2: 유형 배정과 측정 언어는 가정. 변경 이력은 AI 오답 후보이며 측정 전 공식 원본과 대조 필요
A3: 시·도 | B3: 구분 | C3: 주 유형 | D3: 보조 유형 | E3: 수능 주간 측정 언어 | F3: 변경 이력 후보 (원본 대조 필요) | G3: 시·도별 문항 수
A4: 서울특별시 | B4: 특별시 | C4: 수도권 대도시 생활 | D4: 역사·문화 관광 | E4: 한국어·영어·중국어·일본어 | F4: 없음 | G4: =요약!$B$6+COUNTIF('유형별 특화 20'!$B$4:$B$123,C4)+COUNTIF('유형별 특화 20'!$B$4:$B$123,D4) -> 70
A5: 부산광역시 | B5: 광역시 | C5: 해양·섬 | D5: 산업·항만 | E5: 한국어·영어·중국어·일본어 | F5: 없음 | G5: =요약!$B$6+COUNTIF('유형별 특화 20'!$B$4:$B$123,C5)+COUNTIF('유형별 특화 20'!$B$4:$B$123,D5) -> 70
A6: 대구광역시 | B6: 광역시 | C6: 수도권 대도시 생활 | D6: 산악·농촌·접경 | E6: 한국어·영어 | F6: 군위군 편입 (2023년 7월) | G6: =요약!$B$6+COUNTIF('유형별 특화 20'!$B$4:$B$123,C6)+COUNTIF('유형별 특화 20'!$B$4:$B$123,D6) -> 70
A7: 인천광역시 | B7: 광역시 | C7: 수도권 대도시 생활 | D7: 해양·섬 | E7: 한국어·영어·중국어·일본어 | F7: 남구 → 미추홀구 (2018년) | G7: =요약!$B$6+COUNTIF('유형별 특화 20'!$B$4:$B$123,C7)+COUNTIF('유형별 특화 20'!$B$4:$B$123,D7) -> 70
A8: 광주광역시 | B8: 광역시 | C8: 수도권 대도시 생활 | D8: 역사·문화 관광 | E8: 한국어·영어 | F8: 없음 | G8: =요약!$B$6+COUNTIF('유형별 특화 20'!$B$4:$B$123,C8)+COUNTIF('유형별 특화 20'!$B$4:$B$123,D8) -> 70
A9: 대전광역시 | B9: 광역시 | C9: 행정·과학 | D9: 수도권 대도시 생활 | E9: 한국어·영어 | F9: 없음 | G9: =요약!$B$6+COUNTIF('유형별 특화 20'!$B$4:$B$123,C9)+COUNTIF('유형별 특화 20'!$B$4:$B$123,D9) -> 70
A10: 울산광역시 | B10: 광역시 | C10: 산업·항만 | D10: 해양·섬 | E10: 한국어·영어 | F10: 없음 | G10: =요약!$B$6+COUNTIF('유형별 특화 20'!$B$4:$B$123,C10)+COUNTIF('유형별 특화 20'!$B$4:$B$123,D10) -> 70
A11: 세종특별자치시 | B11: 특별자치시 | C11: 행정·과학 | D11: 산악·농촌·접경 | E11: 한국어·영어 | F11: 출범 (2012년 7월) | G11: =요약!$B$6+COUNTIF('유형별 특화 20'!$B$4:$B$123,C11)+COUNTIF('유형별 특화 20'!$B$4:$B$123,D11) -> 70
A12: 경기도 | B12: 도 | C12: 수도권 대도시 생활 | D12: 산악·농촌·접경 | E12: 한국어·영어·중국어 | F12: 도청 광교 신청사 이전 (2022년) | G12: =요약!$B$6+COUNTIF('유형별 특화 20'!$B$4:$B$123,C12)+COUNTIF('유형별 특화 20'!$B$4:$B$123,D12) -> 70
A13: 강원특별자치도 | B13: 특별자치도 | C13: 산악·농촌·접경 | D13: 해양·섬 | E13: 한국어·영어·중국어·일본어 | F13: 강원도 → 강원특별자치도 (2023년 6월) | G13: =요약!$B$6+COUNTIF('유형별 특화 20'!$B$4:$B$123,C13)+COUNTIF('유형별 특화 20'!$B$4:$B$123,D13) -> 70
A14: 충청북도 | B14: 도 | C14: 산악·농촌·접경 | D14: 행정·과학 | E14: 한국어·영어 | F14: 없음 | G14: =요약!$B$6+COUNTIF('유형별 특화 20'!$B$4:$B$123,C14)+COUNTIF('유형별 특화 20'!$B$4:$B$123,D14) -> 70
A15: 충청남도 | B15: 도 | C15: 역사·문화 관광 | D15: 해양·섬 | E15: 한국어·영어 | F15: 도청 내포신도시 이전 (2012~2013년) | G15: =요약!$B$6+COUNTIF('유형별 특화 20'!$B$4:$B$123,C15)+COUNTIF('유형별 특화 20'!$B$4:$B$123,D15) -> 70
... A20: 제주특별자치도 | B20: 특별자치도 | C20: 해양·섬 | D20: 역사·문화 관광 | E20: 한국어·영어·중국어·일본어 | F20: 제주도 → 제주특별자치도 (2006년 7월) | G20: =요약!$B$6+COUNTIF('유형별 특화 20'!$B$4:$B$123,C20)+COUNTIF('유형별 특화 20'!$B$4:$B$123,D20) -> 70

Sheet 판정·등급
A1: 판정 분류와 확인 등급
A2: 모든 측정에 공통으로 쓰는 기준
A3: 구분 | B3: 뜻 | C3: 예
A4: 정확 | B4: 확인된 정답과 일치 | C4: -
A5: 옛 정보 | B5: 과거에는 맞았던 값 (유효 구간이 끝난 값) | C5: 강원도·전라북도 같은 옛 명칭
A6: 혼동 | B6: 다른 대상과 섞음 | C6: 같은 이름의 다른 지역·시설
A7: 없는 사실 | B7: 근거 없는 내용을 사실처럼 | C7: 없는 축제·시설
A8: 단정 | B8: 확인할 수 없는 것을 단정 | C8: “반드시 예약해야 합니다”
A9: 정직한 모름 | B9: 정보가 없을 때 모른다고 답함 (잘한 점으로 셈) | C9: -
A10: L1 | B10: 공식 원본과 대조 | C10: 시·도 공식 누리집, 공공 데이터
A11: L2 | B11: 당사자 확인 | C11: 주최 측·시설 관리자
A12: L3 | B12: 현장 확인 또는 전문 검토 | C12: 현장 방문, 지역 전문가
