Workbook

Sheet 안내
A1: 모두의 정답노트 — 전국 공통 프로브 패널 문항 생성 틀 v1.0
A2: 작성 2026-10-08 · ㈜디지털미디어네트워크 · 방법론 v1.0 11장(문항 개발·표준화 로드맵) 부속
A4: 목적 | B4: 패널 550(방법론 3.1) 중 생활 행정 템플릿 200문항의 후보 600을 법정 공통 사무·실제 수요에서 추출하고, 파일럿 5곳 검증으로 200(코어 140·광역 확장 40·회전 20)을 확정하는 작업 틀. 국가 대표 100·지역 문화 200은 공식 목록에서 별도 추출(지역 문화 트랙 190 승계)
A5: 원칙 | B5: ① 한 질문 = 공식 문서로 판정 가능한 하나의 사실 ② 정답이 지자체마다 달라야 함 ③ 특정 지자체 공식 명칭을 유도하지 않는 중립 표현 ④ 문항마다 메타데이터 7개 ⑤ 영역×위험×유형 층화 할당
A6: 시트 구성 | B6: 할당표 → 사무 목록 → 템플릿 문항 → 매개변수 사전 → 검증 기준 → 파일럿 채점표
A7: 생성 방법 | B7: 템플릿 문항의 {매개변수}를 매개변수 사전 값으로 전개하면 후보 문항이 된다. 변형 수 = 전개 후 문항 수. 템플릿 수 × 변형 수 합계가 후보 총수(할당표 참조)
A8: 편집할 셀 | B8: 파란 글씨 = 입력값(할당표의 코어 목표, 검증 기준의 임계값, 파일럿 채점표의 판정 입력). 검정 글씨 = 수식, 수정하지 않음. 노란 칸 = 사용자가 채우는 칸
A9: 템플릿 추가 | B9: 템플릿 문항 시트 맨 아래 행에 같은 형식으로 추가. 영역ID·사무ID·유형·위험은 목록에서 선택. 할당표의 실제 수는 자동 집계
A10: 전제 | B10: 위험 등급(고·중·저)은 작성자 초기 판정이며 파일럿 내용 타당도 단계에서 2인이 재판정한다. 변형 수의 표집 수(동 5곳·도서관 3곳 등)는 가정이다
A11: 보강 규칙 | B11: 할당표의 차이(실제−목표)가 음수가 되는 영역은 파일럿 전에 수요 원천 템플릿을 보강한다(v1.0에서 교육·보육, 주거·건축, 경제·일자리 보강 완료). 시민 신고판이 열리면 그 수요 자료가 우선 원천
A12: 출처 | B12: 사무·근거 법령은 각 법률 조문과 지자체 조례 일반 체계에 따름(개별 조문 번호는 측정 전 확인 필요). 분리배출 품목은 환경부 분리배출 안내 체계 참조
A14: 범례
A15: 입력값(파란 글씨)
A16: 사용자 기입 칸
A17: 수식(검정)

Sheet 할당표
A1: 영역 × 위험 할당표 — 후보 목표·실제 후보(템플릿 전개 수)·패널 코어 목표
A2: 실제 후보 = 템플릿 문항 시트의 변형 수를 영역·위험별로 합산(SUMIFS). 후보 목표 합계 600, 코어 목표 합계 140(입력값).
A4: 영역ID | B4: 영역 | C4: 후보 목표 | D4: 실제 후보(합계) | E4: 고(실제) | F4: 중(실제) | G4: 저(실제) | H4: 템플릿 수 | I4: 코어 목표 | J4: 고위험 비중 | K4: 차이(실제−목표)
A5: A01 | B5: 주민·민원 | C5: 50 | D5: =E5+F5+G5 -> 52 | E5: =SUMIFS('템플릿 문항'!$I:$I,'템플릿 문항'!$C:$C,$A5,'템플릿 문항'!$H:$H,"고") -> 3 | F5: =SUMIFS('템플릿 문항'!$I:$I,'템플릿 문항'!$C:$C,$A5,'템플릿 문항'!$H:$H,"중") -> 21 | G5: =SUMIFS('템플릿 문항'!$I:$I,'템플릿 문항'!$C:$C,$A5,'템플릿 문항'!$H:$H,"저") -> 28 | H5: =COUNTIF('템플릿 문항'!$C:$C,$A5) -> 25 | I5: 14 | J5: =IF(D5=0,0,E5/D5) -> 0.057692308 | K5: =D5-C5 -> 2
A6: A02 | B6: 청소·환경 | C6: 50 | D6: =E6+F6+G6 -> 80 | E6: =SUMIFS('템플릿 문항'!$I:$I,'템플릿 문항'!$C:$C,$A6,'템플릿 문항'!$H:$H,"고") -> 1 | F6: =SUMIFS('템플릿 문항'!$I:$I,'템플릿 문항'!$C:$C,$A6,'템플릿 문항'!$H:$H,"중") -> 55 | G6: =SUMIFS('템플릿 문항'!$I:$I,'템플릿 문항'!$C:$C,$A6,'템플릿 문항'!$H:$H,"저") -> 24 | H6: =COUNTIF('템플릿 문항'!$C:$C,$A6) -> 27 | I6: 14 | J6: =IF(D6=0,0,E6/D6) -> 0.0125 | K6: =D6-C6 -> 30
A7: A03 | B7: 교통·주차 | C7: 50 | D7: =E7+F7+G7 -> 65 | E7: =SUMIFS('템플릿 문항'!$I:$I,'템플릿 문항'!$C:$C,$A7,'템플릿 문항'!$H:$H,"고") -> 27 | F7: =SUMIFS('템플릿 문항'!$I:$I,'템플릿 문항'!$C:$C,$A7,'템플릿 문항'!$H:$H,"중") -> 17 | G7: =SUMIFS('템플릿 문항'!$I:$I,'템플릿 문항'!$C:$C,$A7,'템플릿 문항'!$H:$H,"저") -> 21 | H7: =COUNTIF('템플릿 문항'!$C:$C,$A7) -> 28 | I7: 14 | J7: =IF(D7=0,0,E7/D7) -> 0.41538462 | K7: =D7-C7 -> 15
A8: A04 | B8: 보건·의료 | C8: 50 | D8: =E8+F8+G8 -> 82 | E8: =SUMIFS('템플릿 문항'!$I:$I,'템플릿 문항'!$C:$C,$A8,'템플릿 문항'!$H:$H,"고") -> 59 | F8: =SUMIFS('템플릿 문항'!$I:$I,'템플릿 문항'!$C:$C,$A8,'템플릿 문항'!$H:$H,"중") -> 23 | G8: =SUMIFS('템플릿 문항'!$I:$I,'템플릿 문항'!$C:$C,$A8,'템플릿 문항'!$H:$H,"저") -> 0 | H8: =COUNTIF('템플릿 문항'!$C:$C,$A8) -> 29 | I8: 14 | J8: =IF(D8=0,0,E8/D8) -> 0.7195122 | K8: =D8-C8 -> 32
A9: A05 | B9: 복지·돌봄 | C9: 50 | D9: =E9+F9+G9 -> 51 | E9: =SUMIFS('템플릿 문항'!$I:$I,'템플릿 문항'!$C:$C,$A9,'템플릿 문항'!$H:$H,"고") -> 44 | F9: =SUMIFS('템플릿 문항'!$I:$I,'템플릿 문항'!$C:$C,$A9,'템플릿 문항'!$H:$H,"중") -> 6 | G9: =SUMIFS('템플릿 문항'!$I:$I,'템플릿 문항'!$C:$C,$A9,'템플릿 문항'!$H:$H,"저") -> 1 | H9: =COUNTIF('템플릿 문항'!$C:$C,$A9) -> 26 | I9: 14 | J9: =IF(D9=0,0,E9/D9) -> 0.8627451 | K9: =D9-C9 -> 1
A10: A06 | B10: 세금·요금 | C10: 50 | D10: =E10+F10+G10 -> 51 | E10: =SUMIFS('템플릿 문항'!$I:$I,'템플릿 문항'!$C:$C,$A10,'템플릿 문항'!$H:$H,"고") -> 12 | F10: =SUMIFS('템플릿 문항'!$I:$I,'템플릿 문항'!$C:$C,$A10,'템플릿 문항'!$H:$H,"중") -> 36 | G10: =SUMIFS('템플릿 문항'!$I:$I,'템플릿 문항'!$C:$C,$A10,'템플릿 문항'!$H:$H,"저") -> 3 | H10: =COUNTIF('템플릿 문항'!$C:$C,$A10) -> 29 | I10: 12 | J10: =IF(D10=0,0,E10/D10) -> 0.23529412 | K10: =D10-C10 -> 1
A11: A07 | B11: 안전·재난 | C11: 50 | D11: =E11+F11+G11 -> 52 | E11: =SUMIFS('템플릿 문항'!$I:$I,'템플릿 문항'!$C:$C,$A11,'템플릿 문항'!$H:$H,"고") -> 23 | F11: =SUMIFS('템플릿 문항'!$I:$I,'템플릿 문항'!$C:$C,$A11,'템플릿 문항'!$H:$H,"중") -> 27 | G11: =SUMIFS('템플릿 문항'!$I:$I,'템플릿 문항'!$C:$C,$A11,'템플릿 문항'!$H:$H,"저") -> 2 | H11: =COUNTIF('템플릿 문항'!$C:$C,$A11) -> 26 | I11: 10 | J11: =IF(D11=0,0,E11/D11) -> 0.44230769 | K11: =D11-C11 -> 2
A12: A08 | B12: 교육·보육 | C12: 50 | D12: =E12+F12+G12 -> 55 | E12: =SUMIFS('템플릿 문항'!$I:$I,'템플릿 문항'!$C:$C,$A12,'템플릿 문항'!$H:$H,"고") -> 2 | F12: =SUMIFS('템플릿 문항'!$I:$I,'템플릿 문항'!$C:$C,$A12,'템플릿 문항'!$H:$H,"중") -> 39 | G12: =SUMIFS('템플릿 문항'!$I:$I,'템플릿 문항'!$C:$C,$A12,'템플릿 문항'!$H:$H,"저") -> 14 | H12: =COUNTIF('템플릿 문항'!$C:$C,$A12) -> 35 | I12: 10 | J12: =IF(D12=0,0,E12/D12) -> 0.036363636 | K12: =D12-C12 -> 5
A13: A09 | B13: 문화·관광 | C13: 50 | D13: =E13+F13+G13 -> 53 | E13: =SUMIFS('템플릿 문항'!$I:$I,'템플릿 문항'!$C:$C,$A13,'템플릿 문항'!$H:$H,"고") -> 0 | F13: =SUMIFS('템플릿 문항'!$I:$I,'템플릿 문항'!$C:$C,$A13,'템플릿 문항'!$H:$H,"중") -> 0 | G13: =SUMIFS('템플릿 문항'!$I:$I,'템플릿 문항'!$C:$C,$A13,'템플릿 문항'!$H:$H,"저") -> 53 | H13: =COUNTIF('템플릿 문항'!$C:$C,$A13) -> 28 | I13: 8 | J13: =IF(D13=0,0,E13/D13) -> 0 | K13: =D13-C13 -> 3
A14: A10 | B14: 주거·건축 | C14: 50 | D14: =E14+F14+G14 -> 51 | E14: =SUMIFS('템플릿 문항'!$I:$I,'템플릿 문항'!$C:$C,$A14,'템플릿 문항'!$H:$H,"고") -> 24 | F14: =SUMIFS('템플릿 문항'!$I:$I,'템플릿 문항'!$C:$C,$A14,'템플릿 문항'!$H:$H,"중") -> 24 | G14: =SUMIFS('템플릿 문항'!$I:$I,'템플릿 문항'!$C:$C,$A14,'템플릿 문항'!$H:$H,"저") -> 3 | H14: =COUNTIF('템플릿 문항'!$C:$C,$A14) -> 39 | I14: 10 | J14: =IF(D14=0,0,E14/D14) -> 0.47058824 | K14: =D14-C14 -> 1
A15: A11 | B15: 경제·일자리 | C15: 50 | D15: =E15+F15+G15 -> 51 | E15: =SUMIFS('템플릿 문항'!$I:$I,'템플릿 문항'!$C:$C,$A15,'템플릿 문항'!$H:$H,"고") -> 0 | F15: =SUMIFS('템플릿 문항'!$I:$I,'템플릿 문항'!$C:$C,$A15,'템플릿 문항'!$H:$H,"중") -> 33 | G15: =SUMIFS('템플릿 문항'!$I:$I,'템플릿 문항'!$C:$C,$A15,'템플릿 문항'!$H:$H,"저") -> 18 | H15: =COUNTIF('템플릿 문항'!$C:$C,$A15) -> 36 | I15: 10 | J15: =IF(D15=0,0,E15/D15) -> 0 | K15: =D15-C15 -> 1
A16: A12 | B16: 생활안전·동물 | C16: 50 | D16: =E16+F16+G16 -> 51 | E16: =SUMIFS('템플릿 문항'!$I:$I,'템플릿 문항'!$C:$C,$A16,'템플릿 문항'!$H:$H,"고") -> 3 | F16: =SUMIFS('템플릿 문항'!$I:$I,'템플릿 문항'!$C:$C,$A16,'템플릿 문항'!$H:$H,"중") -> 39 | G16: =SUMIFS('템플릿 문항'!$I:$I,'템플릿 문항'!$C:$C,$A16,'템플릿 문항'!$H:$H,"저") -> 9 | H16: =COUNTIF('템플릿 문항'!$C:$C,$A16) -> 29 | I16: 10 | J16: =IF(D16=0,0,E16/D16) -> 0.058823529 | K16: =D16-C16 -> 1
A17: 합계 | C17: =SUM(C5:C16) -> 600 | D17: =SUM(D5:D16) -> 694 | E17: =SUM(E5:E16) -> 198 | F17: =SUM(F5:F16) -> 320 | G17: =SUM(G5:G16) -> 176 | H17: =SUM(H5:H16) -> 357 | I17: =SUM(I5:I16) -> 140 | J17: =IF(D17=0,0,E17/D17) -> 0.28530259 | K17: =D17-C17 -> 94
A19: 점검
A20: 후보 목표 합계 = 600인가 | D20: =IF(C17=600,"예","아니오") -> 예
A21: 코어 목표 합계 = 140인가 | D21: =IF(I17=140,"예","아니오") -> 예
A22: 실제 후보가 600 이상인가 | D22: =IF(D17>=600,"예","아니오") -> 예
A23: 고위험 비중 25% 이상인가(공개 지표 ‘피해 위험 건수’ 분모 확보) | D23: =IF(J17>=0.25,"예","아니오") -> 예
A25: 패널 구조(방법론 11.3)
A26: 코어 140 — 법정 공통 사무 템플릿, 226곳 동일, 버전 동결, 분기 교체 10% 이하, 앵커 100 포함
A27: 광역 확장 40 — 시·도별 특성 사무, 시·도 협의체 검토 후 반기 교체(이 틀에서는 영역 A02·A07·A11에 농어촌·도서·산업단지 변형을 붙여 생성)
A28: 회전 20 — 신고판 수요 자료에서 분기마다 새로 추출(이 틀의 ‘수요’ 원천 템플릿이 모집단)
A31: 질문 유형 분포(실제 후보)
A32: 유형 | C32: 실제 후보 | D32: 비중
A33: 사실 | C33: =SUMIFS('템플릿 문항'!$I:$I,'템플릿 문항'!$G:$G,A33) -> 136 | D33: =IF($D$17=0,0,C33/$D$17) -> 0.19596542
A34: 절차 | C34: =SUMIFS('템플릿 문항'!$I:$I,'템플릿 문항'!$G:$G,A34) -> 123 | D34: =IF($D$17=0,0,C34/$D$17) -> 0.17723343
A35: 시간/장소 | C35: =SUMIFS('템플릿 문항'!$I:$I,'템플릿 문항'!$G:$G,A35) -> 253 | D35: =IF($D$17=0,0,C35/$D$17) -> 0.36455331
A36: 연락처 | C36: =SUMIFS('템플릿 문항'!$I:$I,'템플릿 문항'!$G:$G,A36) -> 66 | D36: =IF($D$17=0,0,C36/$D$17) -> 0.095100865
A37: 금액 | C37: =SUMIFS('템플릿 문항'!$I:$I,'템플릿 문항'!$G:$G,A37) -> 116 | D37: =IF($D$17=0,0,C37/$D$17) -> 0.16714697

Sheet 사무 목록
A1: 법정 공통 사무 목록 — 모든 기초지자체가 동일하게 수행하되 답은 지자체마다 다른 사무 48개
A3: 사무ID | B3: 영역ID | C3: 영역 | D3: 사무명 | E3: 근거 법령·제도 | F3: 기본 위험 | G3: 지자체별 상이 요소(변별력 근거) | H3: 정답 근거 문서 유형 | I3: 템플릿 수 | J3: 후보 수
A4: S01 | B4: A01 | C4: 주민·민원 | D4: 전입신고 | E4: 주민등록법 제16조 | F4: 중 | G4: 접수처·처리시간·온라인 가능 여부 | H4: 민원 안내 페이지·민원편람 | I4: =COUNTIF('템플릿 문항'!$D:$D,A4) -> 7 | J4: =SUMIF('템플릿 문항'!$D:$D,A4,'템플릿 문항'!$I:$I) -> 16
A5: S02 | B5: A01 | C5: 주민·민원 | D5: 주민등록등·초본 발급 | E5: 주민등록법 제29조 | F5: 저 | G5: 무인발급기 위치·수수료 감면 | H5: 민원 안내 페이지 | I5: =COUNTIF('템플릿 문항'!$D:$D,A5) -> 6 | J5: =SUMIF('템플릿 문항'!$D:$D,A5,'템플릿 문항'!$I:$I) -> 22
A6: S03 | B6: A01 | C6: 주민·민원 | D6: 인감·본인서명사실확인 | E6: 인감증명법 | F6: 중 | G6: 신고 장소·대리 요건 | H6: 민원 안내 페이지 | I6: =COUNTIF('템플릿 문항'!$D:$D,A6) -> 5 | J6: =SUMIF('템플릿 문항'!$D:$D,A6,'템플릿 문항'!$I:$I) -> 5
A7: S04 | B7: A01 | C7: 주민·민원 | D7: 여권 발급 | E7: 여권법 제3조(사무 위임) | F7: 중 | G7: 접수 장소·시간·소요일 | H7: 여권 민원실 안내 | I7: =COUNTIF('템플릿 문항'!$D:$D,A7) -> 7 | J7: =SUMIF('템플릿 문항'!$D:$D,A7,'템플릿 문항'!$I:$I) -> 9
A8: S05 | B8: A02 | C8: 청소·환경 | D8: 생활쓰레기 배출 | E8: 폐기물관리법 제15조·조례 | F8: 중 | G8: 배출 요일·시간·장소 | H8: 청소 안내·조례 | I8: =COUNTIF('템플릿 문항'!$D:$D,A8) -> 7 | J8: =SUMIF('템플릿 문항'!$D:$D,A8,'템플릿 문항'!$I:$I) -> 28
A9: S06 | B9: A02 | C9: 청소·환경 | D9: 대형폐기물 배출 | E9: 폐기물관리법·수수료 조례 | F9: 중 | G9: 품목별 수수료·신고 방법 | H9: 수수료 고시·안내 | I9: =COUNTIF('템플릿 문항'!$D:$D,A9) -> 8 | J9: =SUMIF('템플릿 문항'!$D:$D,A9,'템플릿 문항'!$I:$I) -> 29
A10: S07 | B10: A02 | C10: 청소·환경 | D10: 음식물쓰레기 배출 | E10: 폐기물관리법·조례 | F10: 중 | G10: 용기·요일·종량제 방식 | H10: 청소 안내 | I10: =COUNTIF('템플릿 문항'!$D:$D,A10) -> 6 | J10: =SUMIF('템플릿 문항'!$D:$D,A10,'템플릿 문항'!$I:$I) -> 14
A11: S08 | B11: A02 | C11: 청소·환경 | D11: 종량제 봉투 | E11: 폐기물관리법·조례 | F11: 저 | G11: 용량별 가격·판매처 | H11: 조례·고시 | I11: =COUNTIF('템플릿 문항'!$D:$D,A11) -> 6 | J11: =SUMIF('템플릿 문항'!$D:$D,A11,'템플릿 문항'!$I:$I) -> 9
A12: S09 | B12: A03 | C12: 교통·주차 | D12: 불법 주정차 단속 | E12: 도로교통법 제32조·조례 | F12: 고 | G12: 단속 시간·과태료·신고 앱 | H12: 교통 안내·조례 | I12: =COUNTIF('템플릿 문항'!$D:$D,A12) -> 9 | J12: =SUMIF('템플릿 문항'!$D:$D,A12,'템플릿 문항'!$I:$I) -> 23
A13: S10 | B13: A03 | C13: 교통·주차 | D13: 거주자우선주차 | E13: 주차장법·조례 | F13: 중 | G13: 신청 자격·요금·배정 시기 | H13: 주차 조례·안내 | I13: =COUNTIF('템플릿 문항'!$D:$D,A13) -> 6 | J13: =SUMIF('템플릿 문항'!$D:$D,A13,'템플릿 문항'!$I:$I) -> 15
A14: S11 | B14: A03 | C14: 교통·주차 | D14: 공영주차장 | E14: 주차장법·조례 | F14: 저 | G14: 요금·운영시간·감면 | H14: 주차장 요금 조례 | I14: =COUNTIF('템플릿 문항'!$D:$D,A14) -> 7 | J14: =SUMIF('템플릿 문항'!$D:$D,A14,'템플릿 문항'!$I:$I) -> 21
A15: S12 | B15: A03 | C15: 교통·주차 | D15: 견인·보관소 | E15: 도로교통법 제35조 | F15: 고 | G15: 보관소 위치·반환 절차·비용 | H15: 교통 안내 | I15: =COUNTIF('템플릿 문항'!$D:$D,A15) -> 6 | J15: =SUMIF('템플릿 문항'!$D:$D,A15,'템플릿 문항'!$I:$I) -> 6
... A51: S48 | B51: A12 | C51: 생활안전·동물 | D51: 공공 와이파이·CCTV | E51: 조례 | F51: 저 | G51: 설치 위치·관제센터 연락처 | H51: 안내 페이지 | I51: =COUNTIF('템플릿 문항'!$D:$D,A51) -> 6 | J51: =SUMIF('템플릿 문항'!$D:$D,A51,'템플릿 문항'!$I:$I) -> 6
A52: 합계 | I52: =SUM(I4:I51) -> 357 | J52: =SUM(J4:J51) -> 694

Sheet 템플릿 문항
A1: 템플릿 문항 — {매개변수}를 매개변수 사전 값으로 전개하면 후보 문항이 된다
E2: 원칙: 한 질문 = 하나의 사실 · 지자체마다 답이 다름 · 중립 표현 · 변형 수(파란 글씨)는 매개변수 전개 후 문항 수
A3: 문항ID | B3: 원천 | C3: 영역ID | D3: 사무ID | E3: 템플릿 질문 | F3: 매개변수 | G3: 질문 유형 | H3: 피해 위험 | I3: 변형 수 | J3: 지명 사다리 | K3: 판정 규칙 | L3: 정답 근거 문서 유형 | M3: 근거 사무·법령 | N3: 최종 검토일 | O3: 메모
A4: Q001 | B4: 법정 | C4: A01 | D4: S01 | E4: {지자체}로 이사했는데 전입신고는 어디서 하나요? | F4: — | G4: 시간/장소 | H4: 중 | I4: 1 | J4: L2 | K4: 공식 공지의 요일·시간·주소와 일치(최신 공지 기준) | L4: 민원 안내 페이지·민원편람 | M4: 주민등록법 제16조
A5: Q002 | B5: 법정 | C5: A01 | D5: S01 | E5: {지자체} 전입신고를 온라인으로 할 수 있나요? | F5: — | G5: 사실 | H5: 중 | I5: 1 | J5: L2 | K5: 공식 문서의 해당 문장과 내용 일치(대상·조건 포함) | L5: 민원 안내 페이지·민원편람 | M5: 주민등록법 제16조
A6: Q003 | B6: 법정 | C6: A01 | D6: S01 | E6: {지자체} 전입신고 할 때 필요한 서류가 뭔가요? | F6: {대상}: 본인·세대원·대리인 | G6: 절차 | H6: 중 | I6: 3 | J6: L2 | K6: 공식 문서의 단계·필요 서류·접수처와 일치 | L6: 민원 안내 페이지·민원편람 | M6: 주민등록법 제16조
A7: Q004 | B7: 수요 | C7: A01 | D7: S01 | E7: {지자체} 전입신고 기한을 넘기면 과태료가 얼마인가요? | F7: — | G7: 금액 | H7: 고 | I7: 1 | J7: L2 | K7: 고시·조례의 금액·단위·감면 조건과 일치 | L7: 민원 안내 페이지·민원편람 | M7: 주민등록법 제16조
A8: Q005 | B8: 수요 | C8: A01 | D8: S01 | E8: {지자체} {동} 주민센터 전입신고 가능한 시간이 언제인가요? | F8: {동}: 지자체별 읍면동 8곳 표집 | G8: 시간/장소 | H8: 중 | I8: 8 | J8: L3 | K8: 공식 공지의 요일·시간·주소와 일치(최신 공지 기준) | L8: 민원 안내 페이지·민원편람 | M8: 주민등록법 제16조
A9: Q006 | B9: 법정 | C9: A01 | D9: S02 | E9: {지자체} 무인민원발급기는 어디에 있나요? | F9: — | G9: 시간/장소 | H9: 저 | I9: 1 | J9: L2 | K9: 공식 공지의 요일·시간·주소와 일치(최신 공지 기준) | L9: 민원 안내 페이지 | M9: 주민등록법 제29조
A10: Q007 | B10: 법정 | C10: A01 | D10: S02 | E10: {지자체} 주민등록등본 발급 수수료는 얼마인가요? | F10: {서류}: 등본·초본·가족관계증명서 | G10: 금액 | H10: 저 | I10: 3 | J10: L2 | K10: 고시·조례의 금액·단위·감면 조건과 일치 | L10: 민원 안내 페이지 | M10: 주민등록법 제29조
A11: Q008 | B11: 수요 | C11: A01 | D11: S02 | E11: {지자체} 주민센터 토요일에도 등본 뗄 수 있나요? | F11: — | G11: 시간/장소 | H11: 저 | I11: 1 | J11: L2 | K11: 공식 공지의 요일·시간·주소와 일치(최신 공지 기준) | L11: 민원 안내 페이지 | M11: 주민등록법 제29조
A12: Q009 | B12: 수요 | C12: A01 | D12: S02 | E12: {지자체} {동} 주민센터 전화번호가 뭔가요? | F12: {동}: 읍면동 8곳 표집 | G12: 연락처 | H12: 저 | I12: 8 | J12: L3 | K12: 공식 대표번호·부서명·담당 기관과 일치 | L12: 민원 안내 페이지 | M12: 주민등록법 제29조
A13: Q010 | B13: 법정 | C13: A01 | D13: S03 | E13: {지자체}에서 인감 신고는 어디서 하나요? | F13: — | G13: 시간/장소 | H13: 중 | I13: 1 | J13: L2 | K13: 공식 공지의 요일·시간·주소와 일치(최신 공지 기준) | L13: 민원 안내 페이지 | M13: 인감증명법
A14: Q011 | B14: 법정 | C14: A01 | D14: S03 | E14: {지자체} 본인서명사실확인서 발급받으려면 뭐가 필요한가요? | F14: — | G14: 절차 | H14: 중 | I14: 1 | J14: L2 | K14: 공식 문서의 단계·필요 서류·접수처와 일치 | L14: 민원 안내 페이지 | M14: 인감증명법
A15: Q012 | B15: 수요 | C15: A01 | D15: S03 | E15: {지자체} 인감증명서 대리 발급 가능한가요? | F15: — | G15: 사실 | H15: 중 | I15: 1 | J15: L2 | K15: 공식 문서의 해당 문장과 내용 일치(대상·조건 포함) | L15: 민원 안내 페이지 | M15: 인감증명법
... A360: Q357 | B360: 수요 | C360: A12 | D360: S46 | E360: {지자체} 가로등 번호로 고장 신고하는 방법이 뭔가요? | F360: — | G360: 절차 | H360: 저 | I360: 1 | J360: L2 | K360: 공식 문서의 단계·필요 서류·접수처와 일치 | L360: 신고 안내 | M360: 도로법·조례
A361: 합계 | I361: =SUM(I4:I360) -> 694

Sheet 매개변수 사전
A1: 매개변수 사전 — 템플릿의 {매개변수}에 들어가는 값
A3: 매개변수 | B3: 정의·표집 규칙 | C3: 값(예시 또는 목록) | D3: 값 수
A4: {지자체} | B4: 전국 226 기초지자체 공식 명칭(시·군·구). 측정 시 지명 사다리 L2 기본, L1(광역+기초)·L3(읍면동)·L4(상위 기관 없이 시설명)로 확장 | C4: 파일럿 5곳: 구로구·수원시·화성시·증평군·광주 서구 → 본측정 226곳 | D4: 전수
A5: {동} | B5: 해당 지자체 읍면동 중 8곳 표집(인구 상·중·하 각 1곳 + 임의 5곳). 읍면동이 8곳 미만이면 전수 | C5: 구로구 예: 구로1동·개봉2동·오류1동·수궁동·가리봉동·신도림동·고척1동·항동 / 증평군은 읍면 2곳이라 전수 | D5: 8
A6: {대상} | B6: 전입신고 주체 | C6: 본인·세대원·대리인 | D6: 3
A7: {서류} | B7: 주민등록 관련 서류 | C7: 등본·초본·가족관계증명서 | D7: 3
A8: {여권종류} | B8: 여권 유효기간·종류 | C8: 10년·5년·긴급 | D8: 3
A9: {품목} | B9: 분리배출 혼동 품목(환경부 분리배출 안내 기준) | C9: 폐건전지·형광등·폐식용유·깨진 유리·스티로폼·옷·우산·소형가전 | D9: 8
A10: {대형품목} | B10: 대형폐기물 수수료 고시 상 대표 품목 | C10: 침대 매트리스·장롱·소파·책상·냉장고·세탁기·TV·자전거·의자·에어컨 | D10: 10
A11: {주거유형} | B11: 음식물쓰레기 배출 방식 구분 | C11: 단독주택·공동주택 | D11: 2
A12: {용량} | B12: 봉투 용량 | C12: 2L·3L·5L / 10L·20L·50L·75L | D12: 3 / 4
A13: {음식물품목} | B13: 음식물쓰레기 여부 혼동 품목 | C13: 계란 껍데기·바나나 껍질·복숭아 씨·치킨 뼈·조개 껍데기·커피 찌꺼기 | D13: 6
A14: {차종}×{구역} | B14: 주정차 과태료 구분 | C14: 승용·승합 × 일반·어린이보호구역·소방시설 | D14: 6
... A45: {해충} | B45: 방역 대상 | C45: 모기·바퀴벌레·빈대·쥐 | D45: 4

Sheet 검증 기준
A1: 파일럿 검증 기준(방법론 11.2) — 임계값은 입력값, 파일럿 결과로 한 번만 조정
A3: 기준 | B3: 임계값 | C3: 방법 | D3: 미달 시
A4: 내용 타당도 카파 | B4: 0.7 | C4: 행정 실무자 1인 + 시민 1인 독립 판정, 판정자 간 일치(코헨 카파) | D4: 문구 수정 후 1회 재판정, 또 미달이면 폐기
A5: 판정 신뢰도 일치율 | B5: 0.9 | C5: 같은 AI 답을 2인이 독립 채점한 일치 비율 | D5: 판정 규칙 수정, 규칙으로 못 고치면 폐기
A6: 안정성 변동 상한(회) | B6: 2 | C6: 3일×3회 = 9회 측정 중 판정 결과가 다수와 다른 횟수 | D6: 폐기하지 않고 ‘불안정 문항’ 표시, 별도 집계
A7: 변별력 — 최소 정답 지자체 수 | B7: 1 | C7: 파일럿 5곳 중 맞은 곳 수가 이 값 이상이고 아래 값 이하여야 함(고위험은 예외) | D7: 예비 문항으로 보관, 다음 분기 재검토
A8: 변별력 — 최대 정답 지자체 수(해당 수 −1) | B8: 1 | C8: 맞은 곳 수 ≤ 해당 지자체 수 − 이 값. 소규모 군(증평)에서 템플릿이 적용되지 않는 문항은 ‘해당 없음’으로 분모에서 빼고 채점표의 해당 지자체 수를 줄인다(결함이 아니라 축소 검증) | D8: 〃
A9: 파일럿 지자체 수 | B9: 5 | C9: 구로구(서울 자치구)·수원시(경기 특례시)·화성시(경기 100만 신도시)·증평군(충북 소규모 군)·광주 서구(광역시 자치구) — 2026-10-08 확정 | D9: —
A10: 목록 원천 후보(국가 대표·지역 문화) | B10: 900 | C10: 공식 목록에서 별도 추출, 지자체 전개 없이 9회 측정 | D10: —
A11: 파일럿 규모(참고)
A12: 측정 횟수 = 생활 행정 후보 × 지자체 5 × 9회 + 목록 후보 900 × 9회 | B12: ='템플릿 문항'!I361*B9*9+B10*9 -> 39330
A13: 비용(USD, 1차 측정 단가 기준) | B13: =B12*B14 -> 959.652
A14: 단가(USD/회) — 사전 등록안 2,500회·$61 환산 | B14: 0.0244

Sheet 파일럿 채점표
A1: 파일럿 채점표 — 템플릿 단위로 다섯 기준을 판정해 패널 편입 여부를 결정
A2: 파일럿 5곳 = 구로구·수원시·화성시·증평군·광주 서구. 노란 칸에 입력. 판정자 A·B는 ‘적합/부적합’, 일치율은 0~1, 변동 횟수는 0~9, 정답 지자체 수는 0~해당 수, 해당 지자체 수는 기본 5(증평 등 적용 불가 시 줄임), 공급 공백은 ‘예/아니오’. 첫 행은 예시값.
A4: 문항ID | B4: 템플릿 질문 | C4: 피해 위험 | D4: 판정자A 타당 | E4: 판정자B 타당 | F4: 채점 일치율 | G4: 변동 횟수(9회 중) | H4: 정답 지자체 수 | I4: 해당 지자체 수(결측 제외) | J4: 공급 공백 | K4: 타당도 | L4: 신뢰도 | M4: 안정성 | N4: 변별력 | O4: 최종 판정
A5: ='템플릿 문항'!A4 -> Q001 | B5: ='템플릿 문항'!E4 -> {지자체}로 이사했는데 전입신고는 어디서 하나요? | C5: ='템플릿 문항'!H4 -> 중 | D5: 적합 | E5: 적합 | F5: 0.95 | G5: 1 | H5: 3 | I5: 5 | J5: 아니오 | K5: =IF(OR(D5="",E5=""),"",IF(AND(D5="적합",E5="적합"),"통과","미달")) -> 통과 | L5: =IF(F5="","",IF(F5>='검증 기준'!$B$5,"통과","미달")) -> 통과 | M5: =IF(G5="","",IF(G5<='검증 기준'!$B$6,"통과","불안정")) -> 통과 | N5: =IF(OR(H5="",I5=""),"",IF(OR(AND(H5>='검증 기준'!$B$7,H5<=I5-'검증 기준'!$B$8),C5="고"),"통과","예비")) -> 통과 | O5: =IF(J5="예","공급 공백",IF(OR(K5="",L5="",M5="",N5=""),"",IF(AND(K5="통과",L5="통과",N5="통과"),IF(M5="통과","패널","패널(불안정)"),IF(N5="예비","예비","제외")))) -> 패널
A6: ='템플릿 문항'!A5 -> Q002 | B6: ='템플릿 문항'!E5 -> {지자체} 전입신고를 온라인으로 할 수 있나요? | C6: ='템플릿 문항'!H5 -> 중 | I6: 5 | K6: =IF(OR(D6="",E6=""),"",IF(AND(D6="적합",E6="적합"),"통과","미달")) | L6: =IF(F6="","",IF(F6>='검증 기준'!$B$5,"통과","미달")) | M6: =IF(G6="","",IF(G6<='검증 기준'!$B$6,"통과","불안정")) | N6: =IF(OR(H6="",I6=""),"",IF(OR(AND(H6>='검증 기준'!$B$7,H6<=I6-'검증 기준'!$B$8),C6="고"),"통과","예비")) | O6: =IF(J6="예","공급 공백",IF(OR(K6="",L6="",M6="",N6=""),"",IF(AND(K6="통과",L6="통과",N6="통과"),IF(M6="통과","패널","패널(불안정)"),IF(N6="예비","예비","제외"))))
A7: ='템플릿 문항'!A6 -> Q003 | B7: ='템플릿 문항'!E6 -> {지자체} 전입신고 할 때 필요한 서류가 뭔가요? | C7: ='템플릿 문항'!H6 -> 중 | I7: 5 | K7: =IF(OR(D7="",E7=""),"",IF(AND(D7="적합",E7="적합"),"통과","미달")) | L7: =IF(F7="","",IF(F7>='검증 기준'!$B$5,"통과","미달")) | M7: =IF(G7="","",IF(G7<='검증 기준'!$B$6,"통과","불안정")) | N7: =IF(OR(H7="",I7=""),"",IF(OR(AND(H7>='검증 기준'!$B$7,H7<=I7-'검증 기준'!$B$8),C7="고"),"통과","예비")) | O7: =IF(J7="예","공급 공백",IF(OR(K7="",L7="",M7="",N7=""),"",IF(AND(K7="통과",L7="통과",N7="통과"),IF(M7="통과","패널","패널(불안정)"),IF(N7="예비","예비","제외"))))
A8: ='템플릿 문항'!A7 -> Q004 | B8: ='템플릿 문항'!E7 -> {지자체} 전입신고 기한을 넘기면 과태료가 얼마인가요? | C8: ='템플릿 문항'!H7 -> 고 | I8: 5 | K8: =IF(OR(D8="",E8=""),"",IF(AND(D8="적합",E8="적합"),"통과","미달")) | L8: =IF(F8="","",IF(F8>='검증 기준'!$B$5,"통과","미달")) | M8: =IF(G8="","",IF(G8<='검증 기준'!$B$6,"통과","불안정")) | N8: =IF(OR(H8="",I8=""),"",IF(OR(AND(H8>='검증 기준'!$B$7,H8<=I8-'검증 기준'!$B$8),C8="고"),"통과","예비")) | O8: =IF(J8="예","공급 공백",IF(OR(K8="",L8="",M8="",N8=""),"",IF(AND(K8="통과",L8="통과",N8="통과"),IF(M8="통과","패널","패널(불안정)"),IF(N8="예비","예비","제외"))))
A9: ='템플릿 문항'!A8 -> Q005 | B9: ='템플릿 문항'!E8 -> {지자체} {동} 주민센터 전입신고 가능한 시간이 언제인가요? | C9: ='템플릿 문항'!H8 -> 중 | I9: 5 | K9: =IF(OR(D9="",E9=""),"",IF(AND(D9="적합",E9="적합"),"통과","미달")) | L9: =IF(F9="","",IF(F9>='검증 기준'!$B$5,"통과","미달")) | M9: =IF(G9="","",IF(G9<='검증 기준'!$B$6,"통과","불안정")) | N9: =IF(OR(H9="",I9=""),"",IF(OR(AND(H9>='검증 기준'!$B$7,H9<=I9-'검증 기준'!$B$8),C9="고"),"통과","예비")) | O9: =IF(J9="예","공급 공백",IF(OR(K9="",L9="",M9="",N9=""),"",IF(AND(K9="통과",L9="통과",N9="통과"),IF(M9="통과","패널","패널(불안정)"),IF(N9="예비","예비","제외"))))
A10: ='템플릿 문항'!A9 -> Q006 | B10: ='템플릿 문항'!E9 -> {지자체} 무인민원발급기는 어디에 있나요? | C10: ='템플릿 문항'!H9 -> 저 | I10: 5 | K10: =IF(OR(D10="",E10=""),"",IF(AND(D10="적합",E10="적합"),"통과","미달")) | L10: =IF(F10="","",IF(F10>='검증 기준'!$B$5,"통과","미달")) | M10: =IF(G10="","",IF(G10<='검증 기준'!$B$6,"통과","불안정")) | N10: =IF(OR(H10="",I10=""),"",IF(OR(AND(H10>='검증 기준'!$B$7,H10<=I10-'검증 기준'!$B$8),C10="고"),"통과","예비")) | O10: =IF(J10="예","공급 공백",IF(OR(K10="",L10="",M10="",N10=""),"",IF(AND(K10="통과",L10="통과",N10="통과"),IF(M10="통과","패널","패널(불안정)"),IF(N10="예비","예비","제외"))))
A11: ='템플릿 문항'!A10 -> Q007 | B11: ='템플릿 문항'!E10 -> {지자체} 주민등록등본 발급 수수료는 얼마인가요? | C11: ='템플릿 문항'!H10 -> 저 | I11: 5 | K11: =IF(OR(D11="",E11=""),"",IF(AND(D11="적합",E11="적합"),"통과","미달")) | L11: =IF(F11="","",IF(F11>='검증 기준'!$B$5,"통과","미달")) | M11: =IF(G11="","",IF(G11<='검증 기준'!$B$6,"통과","불안정")) | N11: =IF(OR(H11="",I11=""),"",IF(OR(AND(H11>='검증 기준'!$B$7,H11<=I11-'검증 기준'!$B$8),C11="고"),"통과","예비")) | O11: =IF(J11="예","공급 공백",IF(OR(K11="",L11="",M11="",N11=""),"",IF(AND(K11="통과",L11="통과",N11="통과"),IF(M11="통과","패널","패널(불안정)"),IF(N11="예비","예비","제외"))))
A12: ='템플릿 문항'!A11 -> Q008 | B12: ='템플릿 문항'!E11 -> {지자체} 주민센터 토요일에도 등본 뗄 수 있나요? | C12: ='템플릿 문항'!H11 -> 저 | I12: 5 | K12: =IF(OR(D12="",E12=""),"",IF(AND(D12="적합",E12="적합"),"통과","미달")) | L12: =IF(F12="","",IF(F12>='검증 기준'!$B$5,"통과","미달")) | M12: =IF(G12="","",IF(G12<='검증 기준'!$B$6,"통과","불안정")) | N12: =IF(OR(H12="",I12=""),"",IF(OR(AND(H12>='검증 기준'!$B$7,H12<=I12-'검증 기준'!$B$8),C12="고"),"통과","예비")) | O12: =IF(J12="예","공급 공백",IF(OR(K12="",L12="",M12="",N12=""),"",IF(AND(K12="통과",L12="통과",N12="통과"),IF(M12="통과","패널","패널(불안정)"),IF(N12="예비","예비","제외"))))
A13: ='템플릿 문항'!A12 -> Q009 | B13: ='템플릿 문항'!E12 -> {지자체} {동} 주민센터 전화번호가 뭔가요? | C13: ='템플릿 문항'!H12 -> 저 | I13: 5 | K13: =IF(OR(D13="",E13=""),"",IF(AND(D13="적합",E13="적합"),"통과","미달")) | L13: =IF(F13="","",IF(F13>='검증 기준'!$B$5,"통과","미달")) | M13: =IF(G13="","",IF(G13<='검증 기준'!$B$6,"통과","불안정")) | N13: =IF(OR(H13="",I13=""),"",IF(OR(AND(H13>='검증 기준'!$B$7,H13<=I13-'검증 기준'!$B$8),C13="고"),"통과","예비")) | O13: =IF(J13="예","공급 공백",IF(OR(K13="",L13="",M13="",N13=""),"",IF(AND(K13="통과",L13="통과",N13="통과"),IF(M13="통과","패널","패널(불안정)"),IF(N13="예비","예비","제외"))))
A14: ='템플릿 문항'!A13 -> Q010 | B14: ='템플릿 문항'!E13 -> {지자체}에서 인감 신고는 어디서 하나요? | C14: ='템플릿 문항'!H13 -> 중 | I14: 5 | K14: =IF(OR(D14="",E14=""),"",IF(AND(D14="적합",E14="적합"),"통과","미달")) | L14: =IF(F14="","",IF(F14>='검증 기준'!$B$5,"통과","미달")) | M14: =IF(G14="","",IF(G14<='검증 기준'!$B$6,"통과","불안정")) | N14: =IF(OR(H14="",I14=""),"",IF(OR(AND(H14>='검증 기준'!$B$7,H14<=I14-'검증 기준'!$B$8),C14="고"),"통과","예비")) | O14: =IF(J14="예","공급 공백",IF(OR(K14="",L14="",M14="",N14=""),"",IF(AND(K14="통과",L14="통과",N14="통과"),IF(M14="통과","패널","패널(불안정)"),IF(N14="예비","예비","제외"))))
A15: ='템플릿 문항'!A14 -> Q011 | B15: ='템플릿 문항'!E14 -> {지자체} 본인서명사실확인서 발급받으려면 뭐가 필요한가요? | C15: ='템플릿 문항'!H14 -> 중 | I15: 5 | K15: =IF(OR(D15="",E15=""),"",IF(AND(D15="적합",E15="적합"),"통과","미달")) | L15: =IF(F15="","",IF(F15>='검증 기준'!$B$5,"통과","미달")) | M15: =IF(G15="","",IF(G15<='검증 기준'!$B$6,"통과","불안정")) | N15: =IF(OR(H15="",I15=""),"",IF(OR(AND(H15>='검증 기준'!$B$7,H15<=I15-'검증 기준'!$B$8),C15="고"),"통과","예비")) | O15: =IF(J15="예","공급 공백",IF(OR(K15="",L15="",M15="",N15=""),"",IF(AND(K15="통과",L15="통과",N15="통과"),IF(M15="통과","패널","패널(불안정)"),IF(N15="예비","예비","제외"))))
A16: ='템플릿 문항'!A15 -> Q012 | B16: ='템플릿 문항'!E15 -> {지자체} 인감증명서 대리 발급 가능한가요? | C16: ='템플릿 문항'!H15 -> 중 | I16: 5 | K16: =IF(OR(D16="",E16=""),"",IF(AND(D16="적합",E16="적합"),"통과","미달")) | L16: =IF(F16="","",IF(F16>='검증 기준'!$B$5,"통과","미달")) | M16: =IF(G16="","",IF(G16<='검증 기준'!$B$6,"통과","불안정")) | N16: =IF(OR(H16="",I16=""),"",IF(OR(AND(H16>='검증 기준'!$B$7,H16<=I16-'검증 기준'!$B$8),C16="고"),"통과","예비")) | O16: =IF(J16="예","공급 공백",IF(OR(K16="",L16="",M16="",N16=""),"",IF(AND(K16="통과",L16="통과",N16="통과"),IF(M16="통과","패널","패널(불안정)"),IF(N16="예비","예비","제외"))))
A17: ='템플릿 문항'!A16 -> Q013 | B17: ='템플릿 문항'!E16 -> {지자체} 인감증명서 수수료가 얼마인가요? | C17: ='템플릿 문항'!H16 -> 저 | I17: 5 | K17: =IF(OR(D17="",E17=""),"",IF(AND(D17="적합",E17="적합"),"통과","미달")) | L17: =IF(F17="","",IF(F17>='검증 기준'!$B$5,"통과","미달")) | M17: =IF(G17="","",IF(G17<='검증 기준'!$B$6,"통과","불안정")) | N17: =IF(OR(H17="",I17=""),"",IF(OR(AND(H17>='검증 기준'!$B$7,H17<=I17-'검증 기준'!$B$8),C17="고"),"통과","예비")) | O17: =IF(J17="예","공급 공백",IF(OR(K17="",L17="",M17="",N17=""),"",IF(AND(K17="통과",L17="통과",N17="통과"),IF(M17="통과","패널","패널(불안정)"),IF(N17="예비","예비","제외"))))
... A361: ='템플릿 문항'!A360 -> Q357 | B361: ='템플릿 문항'!E360 -> {지자체} 가로등 번호로 고장 신고하는 방법이 뭔가요? | C361: ='템플릿 문항'!H360 -> 저 | I361: 5 | K361: =IF(OR(D361="",E361=""),"",IF(AND(D361="적합",E361="적합"),"통과","미달")) | L361: =IF(F361="","",IF(F361>='검증 기준'!$B$5,"통과","미달")) | M361: =IF(G361="","",IF(G361<='검증 기준'!$B$6,"통과","불안정")) | N361: =IF(OR(H361="",I361=""),"",IF(OR(AND(H361>='검증 기준'!$B$7,H361<=I361-'검증 기준'!$B$8),C361="고"),"통과","예비")) | O361: =IF(J361="예","공급 공백",IF(OR(K361="",L361="",M361="",N361=""),"",IF(AND(K361="통과",L361="통과",N361="통과"),IF(M361="통과","패널","패널(불안정)"),IF(N361="예비","예비","제외"))))
A363: 집계
A364: 패널 | B364: =COUNTIF(O5:O361,"패널") -> 1
A365: 패널(불안정) | B365: =COUNTIF(O5:O361,"패널(불안정)") -> 0
A366: 예비 | B366: =COUNTIF(O5:O361,"예비") -> 0
A367: 제외 | B367: =COUNTIF(O5:O361,"제외") -> 0
A368: 공급 공백 | B368: =COUNTIF(O5:O361,"공급 공백") -> 0
A369: 미판정 | B369: =COUNTBLANK(O5:O361) -> 356
A371: 패널 편입 템플릿의 후보 수 합계 | B371: =SUMPRODUCT((O5:O361="패널")*'템플릿 문항'!I4:I360) -> 1
